-- --------------------------------------------------------
-- 主机:                           172.18.90.101
-- 服务器版本:                        8.3.0 - MySQL Community Server - GPL
-- 服务器操作系统:                      Linux
-- HeidiSQL 版本:                  12.6.0.6765
-- --------------------------------------------------------

/*!40101 SET @OLD_CHARACTER_SET_CLIENT=@@CHARACTER_SET_CLIENT */;
/*!40101 SET NAMES utf8 */;
/*!50503 SET NAMES utf8mb4 */;
/*!40103 SET @OLD_TIME_ZONE=@@TIME_ZONE */;
/*!40103 SET TIME_ZONE='+00:00' */;
/*!40014 SET @OLD_FOREIGN_KEY_CHECKS=@@FOREIGN_KEY_CHECKS, FOREIGN_KEY_CHECKS=0 */;
/*!40101 SET @OLD_SQL_MODE=@@SQL_MODE, SQL_MODE='NO_AUTO_VALUE_ON_ZERO' */;
/*!40111 SET @OLD_SQL_NOTES=@@SQL_NOTES, SQL_NOTES=0 */;

-- 正在导出表  auth.access_apply 的数据：~0 rows (大约)

-- 正在导出表  auth.access_record 的数据：~26 rows (大约)
INSERT INTO `access_record` (`id`, `row_version`, `state`, `created_on`, `created_by`, `user_id`, `resource_id`, `access_rule_id`, `access_apply_id`, `access_count`, `allowed_count`) VALUES
	('3235522268394160128', '3235522268394160128', 'Available', '2024-06-11 10:49:09.239536', 'system', '537101192296136704', '343316503463985155', NULL, NULL, 6, 6),
	('3235543450136870912', '3235543450136870912', 'Available', '2024-06-11 12:13:19.003907', 'system', '537101192296136704', '343316503463985153', NULL, NULL, 1, 1),
	('3235543496261632000', '3235543496261632000', 'Available', '2024-06-11 12:13:30.000283', 'system', '537101192296136704', '457038300318793739', NULL, NULL, 1, 1),
	('3235543498987929600', '3235543498987929600', 'Available', '2024-06-11 12:13:30.650682', 'system', '537101192296136704', '314207466776690689', NULL, NULL, 6, 6),
	('3235543517220569088', '3235543517220569088', 'Available', '2024-06-11 12:13:34.997307', 'system', '537101192296136704', '322971014801653761', NULL, NULL, 10, 10),
	('3235543518671798272', '3235543518671798272', 'Available', '2024-06-11 12:13:35.343210', 'system', '537101192296136704', '319716111165685761', NULL, NULL, 20, 20),
	('3235543521133854720', '3235543521133854720', 'Available', '2024-06-11 12:13:35.930273', 'system', '537101192296136704', '319719911886342657', NULL, NULL, 22, 22),
	('3235543630944927744', '3235543630944927744', 'Available', '2024-06-11 12:14:02.111250', 'system', '537101192296136704', '319704951251009537', NULL, NULL, 13, 13),
	('3235543667817054208', '3235543667817054208', 'Available', '2024-06-11 12:14:10.902133', 'system', '537101192296136704', '319720000000000015', NULL, NULL, 10, 10),
	('3235546995535904768', '3235546995535904768', 'Available', '2024-06-11 12:27:24.292590', 'system', '537101192296136704', '319704461633126401', NULL, NULL, 3, 3),
	('3235547002573946880', '3235547002573946880', 'Available', '2024-06-11 12:27:25.970056', 'system', '537101192296136704', '319720000000000011', NULL, NULL, 3, 3),
	('3235547026749915136', '3235547026749915136', 'Available', '2024-06-11 12:27:31.734601', 'system', '537101192296136704', '319720000000000006', NULL, NULL, 11, 11),
	('3235547027563610112', '3235547027563610112', 'Available', '2024-06-11 12:27:31.928495', 'system', '537101192296136704', '333145444429332481', NULL, NULL, 4, 4),
	('3235547115849515008', '3235547115849515008', 'Available', '2024-06-11 12:27:52.977346', 'system', '537101192296136704', '319704654898266113', NULL, NULL, 6, 6),
	('3235547120945594368', '3235547120945594368', 'Available', '2024-06-11 12:27:54.192422', 'system', '537101192296136704', '319720000000000013', NULL, NULL, 6, 6),
	('3235547664347037696', '3235547664347037696', 'Available', '2024-06-11 12:30:03.749183', 'system', '537101192296136704', '319714208797163521', NULL, NULL, 10, 10),
	('3235548109111033856', '3235548109111033856', 'Available', '2024-06-11 12:31:49.789656', 'system', '537101192296136704', '330241653061189633', NULL, NULL, 2, 2),
	('3235550122322427904', '3235550122322427904', 'Available', '2024-06-11 12:39:49.777035', 'system', '537101192296136704', '322973164495699969', NULL, NULL, 4, 4),
	('3235550410647273472', '3235550410647273472', 'Available', '2024-06-11 12:40:58.518922', 'system', '537101192296136704', '319719182742585344', NULL, NULL, 6, 6),
	('3235551036055748608', '3235551036055748608', 'Available', '2024-06-11 12:43:27.627071', 'system', '537101192296136704', '319703856164372481', NULL, NULL, 2, 2),
	('3235551037796384768', '3235551037796384768', 'Available', '2024-06-11 12:43:28.042038', 'system', '537101192296136704', '319720000000000005', NULL, NULL, 4, 4),
	('3235551938938404864', '3235551938938404864', 'Available', '2024-06-11 12:47:02.892273', 'system', '537101192296136704', '319720000000000007', NULL, NULL, 7, 7),
	('3235552012997230592', '3235552012997230592', 'Available', '2024-06-11 12:47:20.548359', 'system', '537101192296136704', '319704020379762689', NULL, NULL, 1, 1),
	('3235552034744696832', '3235552034744696832', 'Available', '2024-06-11 12:47:25.733357', 'system', '537101192296136704', '319720000000000001', NULL, NULL, 3, 3),
	('3235552046677491712', '3235552046677491712', 'Available', '2024-06-11 12:47:28.578060', 'system', '537101192296136704', '319720000000000008', NULL, NULL, 7, 7),
	('3235552117368291328', '3235552117368291328', 'Available', '2024-06-11 12:47:45.432970', 'system', '537101192296136704', '319702982838976513', NULL, NULL, 1, 1),
	('3235552121831030784', '3235552121831030784', 'Available', '2024-06-11 12:47:46.496620', 'system', '537101192296136704', '319720000000000003', NULL, NULL, 1, 1),
	('3235552130978807808', '3235552130978807808', 'Available', '2024-06-11 12:47:48.677785', 'system', '537101192296136704', '319703570544852993', NULL, NULL, 2, 2),
	('3235552169969057792', '3235552169969057792', 'Available', '2024-06-11 12:47:57.973635', 'system', '537101192296136704', '319702332642164737', NULL, NULL, 1, 1),
	('3235552172993150976', '3235552172993150976', 'Available', '2024-06-11 12:47:58.694354', 'system', '537101192296136704', '319720000000000002', NULL, NULL, 1, 1);

-- 正在导出表  auth.access_rule 的数据：~9 rows (大约)
INSERT INTO `access_rule` (`id`, `row_version`, `state`, `created_on`, `created_by`, `updated_on`, `updated_by`, `description`, `resource_id`, `identity_id`, `identity_type`, `code`, `is_allow`, `priority`, `expire_time`, `access_count`, `condition`) VALUES
	('3235850708901167104', '3235850717314940928', 'Available', '2024-06-12 08:34:17.206915', 'developer', '2024-06-12 08:34:17.207354', 'developer', NULL, '314206411103928321', NULL, 'All', '#AS0_All-', 'Forbid', 0, NULL, 0, NULL),
	('3235850708989247488', '3235850717528850432', 'Available', '2024-06-12 08:34:17.258076', 'developer', '2024-06-12 08:34:17.258085', 'developer', NULL, '319714208797163521', NULL, 'All', '#AS0_All+AccessDenied', 'Allow', 9, NULL, 0, NULL),
	('3235850709068939264', '3235850717528850433', 'Available', '2024-06-12 08:34:17.258290', 'developer', '2024-06-12 08:34:17.258291', 'developer', NULL, '324063208073592833', NULL, 'All', '#AS0_All+Error', 'Allow', 9, NULL, 0, NULL),
	('3235850709140242432', '3235850717528850434', 'Available', '2024-06-12 08:34:17.258314', 'developer', '2024-06-12 08:34:17.258315', 'developer', NULL, '343316503463985153', NULL, 'All', '#AS0_All+SendCaptcha', 'Allow', 9, NULL, 0, NULL),
	('3235850709169602560', '3235850717528850435', 'Available', '2024-06-12 08:34:17.258333', 'developer', '2024-06-12 08:34:17.258334', 'developer', NULL, '343316503463985155', '3235834974917623808', 'Role', '#AS0_Authenticator+BindPhoneNumber', 'Allow', 9, NULL, 0, NULL),
	('3235850709207351296', '3235850717528850436', 'Available', '2024-06-12 08:34:17.258352', 'developer', '2024-06-12 08:34:17.258352', 'developer', NULL, '457038300318793739', '3235834974917623808', 'Role', '#AS0_Authenticator+ConfirmPhoneNumber', 'Allow', 9, NULL, 0, NULL),
	('3235850709245100032', '3235850717528850437', 'Available', '2024-06-12 08:34:17.258374', 'developer', '2024-06-12 08:34:17.258375', 'developer', NULL, '322971014801653761', '3235834974917623808', 'Role', '#AS0_Authenticator+GetUserInfo', 'Allow', 9, NULL, 0, NULL),
	('3235850709282848768', '3235850717528850438', 'Available', '2024-06-12 08:34:17.258391', 'developer', '2024-06-12 08:34:17.258392', 'developer', NULL, '314206411103928321', '537101188135387136', 'Role', '#AS0_Admin+', 'Allow', 99, NULL, 0, NULL),
	('3235850709320597504', '3235850717528850439', 'Available', '2024-06-12 08:34:17.258408', 'developer', '2024-06-12 08:34:17.258409', 'developer', NULL, '314206411103928321', '537101188538040320', 'Role', '#AS0_Developer+', 'Allow', 99, NULL, 0, NULL);

-- 正在导出表  auth.ApiResourceClaims 的数据：~0 rows (大约)

-- 正在导出表  auth.ApiResourceProperties 的数据：~0 rows (大约)

-- 正在导出表  auth.ApiResources 的数据：~0 rows (大约)

-- 正在导出表  auth.ApiResourceScopes 的数据：~0 rows (大约)

-- 正在导出表  auth.ApiResourceSecrets 的数据：~0 rows (大约)

-- 正在导出表  auth.ApiScopeClaims 的数据：~0 rows (大约)

-- 正在导出表  auth.ApiScopeProperties 的数据：~0 rows (大约)

-- 正在导出表  auth.ApiScopes 的数据：~0 rows (大约)

-- 正在导出表  auth.attachment 的数据：~0 rows (大约)

-- 正在导出表  auth.ClientClaims 的数据：~0 rows (大约)

-- 正在导出表  auth.ClientCorsOrigins 的数据：~0 rows (大约)

-- 正在导出表  auth.ClientGrantTypes 的数据：~0 rows (大约)

-- 正在导出表  auth.ClientIdPRestrictions 的数据：~0 rows (大约)

-- 正在导出表  auth.ClientPostLogoutRedirectUris 的数据：~0 rows (大约)

-- 正在导出表  auth.ClientProperties 的数据：~0 rows (大约)

-- 正在导出表  auth.ClientRedirectUris 的数据：~0 rows (大约)

-- 正在导出表  auth.Clients 的数据：~0 rows (大约)

-- 正在导出表  auth.ClientScopes 的数据：~0 rows (大约)

-- 正在导出表  auth.ClientSecrets 的数据：~0 rows (大约)

-- 正在导出表  auth.DeviceCodes 的数据：~0 rows (大约)

-- 正在导出表  auth.group 的数据：~0 rows (大约)

-- 正在导出表  auth.IdentityResourceClaims 的数据：~0 rows (大约)

-- 正在导出表  auth.IdentityResourceProperties 的数据：~0 rows (大约)

-- 正在导出表  auth.IdentityResources 的数据：~0 rows (大约)

-- 正在导出表  auth.level 的数据：~0 rows (大约)

-- 正在导出表  auth.oauth_user 的数据：~0 rows (大约)

-- 正在导出表  auth.parameter 的数据：~0 rows (大约)

-- 正在导出表  auth.PersistedGrants 的数据：~0 rows (大约)

-- 正在导出表  auth.real_name_info 的数据：~0 rows (大约)

-- 正在导出表  auth.region 的数据：~0 rows (大约)

-- 正在导出表  auth.resource 的数据：~86 rows (大约)
INSERT INTO `resource` (`id`, `row_version`, `state`, `created_on`, `created_by`, `updated_on`, `updated_by`, `description`, `alias`, `image`, `type`, `system_id`, `parent_id`, `owner_id`, `identity_type`, `resource_type`, `name`, `code`, `title`, `content`, `access_level`, `level_id`) VALUES
	('314206411103928321', '408237960408858625', 'Available', '2022-05-17 03:42:53.384746', 'developer', '2022-05-17 03:42:53.385340', 'developer', '统一认证与授权中心', 'devonline.identity.admin', NULL, 'Administrator', NULL, NULL, '537101189305597952', 'Role', 'System', '统一认证与授权中心', 'AS0', '统一认证与授权中心', 'localhost:9527', 'Confidential', NULL),
	('314207071140577281', '331761094794149888', 'Available', '2022-05-17 03:45:31.176931', 'developer', '2022-05-17 03:45:31.176948', 'developer', '基础数据管理', '基础数据管理', NULL, 'Administrator', '314206411103928321', '314206411103928321', '537101189305597952', 'Role', 'Page', '统一认证与授权中心-基础数据管理', 'AS0P99', '基础数据', '/Admin/Parameter', 'Confidential', NULL),
	('314207466776690689', '331760766023630848', 'Available', '2022-05-17 03:47:04.934984', 'developer', '2022-05-17 03:47:04.934995', 'developer', '用户管理', '用户管理', NULL, 'Administrator', '314206411103928321', '314206411103928321', '537101189305597952', 'Role', 'Page', '统一认证与授权中心-用户管理', 'AS0P01', '用户', '/Admin/User', 'Confidential', NULL),
	('319702332642164737', '331760816892149760', 'Available', '2022-06-01 15:41:43.319870', 'developer', '2022-06-01 15:41:43.320473', 'developer', '组织单位管理', '组织单位管理', NULL, 'Administrator', '314206411103928321', '314206411103928321', '537101189305597952', 'Role', 'Page', '统一认证与授权中心-组织单位管理', 'AS0P02', '组织单位', '/Admin/Group', 'Confidential', NULL),
	('319702982838976513', '331760888820269056', 'Available', '2022-06-01 15:44:18.080352', 'developer', '2022-06-01 15:44:18.080361', 'developer', '级别管理', '级别管理', NULL, 'Administrator', '314206411103928321', '314206411103928321', '537101189305597952', 'Role', 'Page', '统一认证与授权中心-级别管理', 'AS0P04', '级别', '/Admin/Level', 'Confidential', NULL),
	('319703570544852993', '331760854867378176', 'Available', '2022-06-01 15:46:38.199996', 'developer', '2022-06-01 15:46:38.200004', 'developer', '角色管理', '角色管理', NULL, 'Administrator', '314206411103928321', '314206411103928321', '537101189305597952', 'Role', 'Page', '统一认证与授权中心-角色管理', 'AS0P03', '角色', '/Admin/Role', 'Confidential', NULL),
	('319703856164372481', '331760962224783360', 'Available', '2022-06-01 15:47:46.299461', 'developer', '2022-06-01 15:47:46.299469', 'developer', '用户角色管理', '用户角色管理', NULL, 'Administrator', '314206411103928321', '314206411103928321', '537101189305597952', 'Role', 'Page', '统一认证与授权中心-用户角色管理', 'AS0P12', '用户角色', '/Admin/UserRole', 'Confidential', NULL),
	('319704020379762689', '331760925218439168', 'Available', '2022-06-01 15:48:25.454913', 'developer', '2022-06-01 15:48:25.454921', 'developer', '用户组织单位管理', '用户组织单位管理', NULL, 'Administrator', '314206411103928321', '314206411103928321', '537101189305597952', 'Role', 'Page', '统一认证与授权中心-用户组织单位管理', 'AS0P11', '用户组织单位', '/Admin/UserGroup', 'Confidential', NULL),
	('319704461633126401', '330871468822888448', 'Available', '2022-06-01 15:50:10.647794', 'developer', '2022-06-01 15:50:10.647802', 'developer', '资源管理', '资源管理', NULL, 'Administrator', '314206411103928321', '314206411103928321', '537101189305597952', 'Role', 'Page', '统一认证与授权中心-资源管理', 'AS0P21', '资源管理', '/Admin/Resource', 'Confidential', NULL),
	('319704654898266113', '331761017862225920', 'Available', '2022-06-01 15:50:56.729953', 'developer', '2022-06-01 15:50:56.729959', 'developer', '访问规则管理', '访问规则管理', NULL, 'Administrator', '314206411103928321', '314206411103928321', '537101189305597952', 'Role', 'Page', '统一认证与授权中心-访问规则管理', 'AS0P31', '访问规则', '/Admin/AccessRule', 'Confidential', NULL),
	('319704951251009537', '330871627673763840', 'Available', '2022-06-01 15:52:07.620312', 'developer', '2022-06-01 15:52:07.620317', 'developer', '用户可访问资源查询', '用户可访问资源', NULL, 'Administrator', '314206411103928321', '314206411103928321', '537101189305597952', 'Role', 'Page', '统一认证与授权中心-用户可访问资源', 'AS0P41', '用户可访问资源', '/Admin/UserResource', 'Confidential', NULL),
	('319714208797163521', '456964249915228160', 'Available', '2022-06-01 16:28:54.696886', 'developer', '2022-06-01 16:28:54.697513', 'developer', '拒绝访问', 'AccessDenied', NULL, 'Administrator', '314206411103928321', '408241552985423873', '537101189305597952', 'Role', 'Page', '统一认证与授权中心-用户账户服务-拒绝访问', 'AS0X01PAccessDenied', '拒绝访问', '/Account/AccessDenied', 'Public', NULL),
	('319715786195206145', '331246050587181056', 'Available', '2022-06-01 16:35:10.640526', 'developer', '2022-06-01 16:35:10.640539', 'developer', '基础数据管理-查询', '查询', NULL, 'Administrator', '314206411103928321', '314207071140577281', '537101189305597952', 'Role', 'Api', '统一认证与授权中心-基础数据管理-查询', 'AS0P99I01', '查询', '/odata/parameters', 'Confidential', NULL),
	('319716111165685761', '331246106014908416', 'Available', '2022-06-01 16:36:28.102074', 'developer', '2022-06-01 16:36:28.102082', 'developer', '基础数据管理-增删改查', '增删改查', NULL, 'Administrator', '314206411103928321', '314207071140577281', '537101189305597952', 'Role', 'Api', '统一认证与授权中心-基础数据管理-增删改查', 'AS0P99I02', '增删改查', '/api/parameters', 'Confidential', NULL),
	('319719182742585344', '456966892842647552', 'Available', '2022-06-01 16:48:40.438622', 'developer', '2022-06-01 16:48:40.438629', 'developer', '统一认证与授权中心-首页', 'Home', NULL, 'Administrator', '314206411103928321', '456961655285219329', '537101189305597952', 'Role', 'Page', '统一认证与授权中心-基础服务-首页', 'AS0PHome', '首页', '/', 'Confidential', NULL),
	('319719182742585345', '456966892842647552', 'Available', '2022-06-01 16:48:40.438622', 'developer', '2022-06-01 16:48:40.438629', 'developer', '统一认证与授权中心-首页', 'Home', NULL, 'Administrator', '314206411103928321', '456961655285219329', '537101189305597952', 'Role', 'Page', '统一认证与授权中心-基础服务-首页', 'AS0X09PHome', '首页', '/Home/Index', 'Confidential', NULL),
	('319719910886342657', '462111447183261696', 'Available', '2022-06-01 16:51:34.045859', 'developer', '2022-06-01 16:51:34.045870', 'developer', '用户管理-增删改查', '增删改查', NULL, 'Administrator', '314206411103928321', '314207466776690689', '537101189305597952', 'Role', 'Api', '统一认证与授权中心-用户管理-增删改查', 'AS0P01I01', '增删改查', '/api/Users', 'Confidential', NULL),
	('319719911886342657', '462111447183261696', 'Available', '2022-06-01 16:51:34.045859', 'developer', '2022-06-01 16:51:34.045870', 'developer', '用户管理-查询', '查询', NULL, 'Administrator', '314206411103928321', '314207466776690689', '537101189305597952', 'Role', 'Api', '统一认证与授权中心-用户管理-查询', 'AS0P01I02', '查询', '/odata/Users', 'Confidential', NULL),
	('319720000000000001', '331243665634623488', 'Available', '2022-06-01 16:35:10.640526', 'developer', '2022-06-01 16:35:10.640539', 'developer', '组织单位管理-查询', '查询', NULL, 'Administrator', '314206411103928321', '319702332642164737', '537101189305597952', 'Role', 'Api', '统一认证与授权中心-组织单位管理-查询', 'AS0P02I01', '查询', '/odata/groups', 'Confidential', NULL),
	('319720000000000002', '331243755405312000', 'Available', '2022-06-01 16:36:28.102074', 'developer', '2022-06-01 16:36:28.102082', 'developer', '组织单位管理-增删改查', '增删改查', NULL, 'Administrator', '314206411103928321', '319702332642164737', '537101189305597952', 'Role', 'Api', '统一认证与授权中心-组织单位管理-增删改查', 'AS0P02I02', '增删改查', '/api/groups', 'Confidential', NULL),
	('319720000000000003', '331244490033463296', 'Available', '2022-06-01 16:35:10.640526', 'developer', '2022-06-01 16:35:10.640539', 'developer', '级别管理-查询', '查询', NULL, 'Administrator', '314206411103928321', '319702982838976513', '537101189305597952', 'Role', 'Api', '统一认证与授权中心-级别管理-查询', 'AS0P04I01', '查询', '/odata/levels', 'Confidential', NULL),
	('319720000000000004', '331244554516692992', 'Available', '2022-06-01 16:36:28.102074', 'developer', '2022-06-01 16:36:28.102082', 'developer', '级别管理-增删改查', '增删改查', NULL, 'Administrator', '314206411103928321', '319702982838976513', '537101189305597952', 'Role', 'Api', '统一认证与授权中心-级别管理-增删改查', 'AS0P04I02', '增删改查', '/api/levels', 'Confidential', NULL),
	('319720000000000005', '331243840574849024', 'Available', '2022-06-01 16:35:10.640526', 'developer', '2022-06-01 16:35:10.640539', 'developer', '角色管理-查询', '查询', NULL, 'Administrator', '314206411103928321', '319703570544852993', '537101189305597952', 'Role', 'Api', '统一认证与授权中心-角色管理-查询', 'AS0P03I01', '查询', '/odata/roles', 'Confidential', NULL),
	('319720000000000006', '331243939019358208', 'Available', '2022-06-01 16:36:28.102074', 'developer', '2022-06-01 16:36:28.102082', 'developer', '角色管理-增删改查', '增删改查', NULL, 'Administrator', '314206411103928321', '319703570544852993', '537101189305597952', 'Role', 'Api', '统一认证与授权中心-角色管理-增删改查', 'AS0P03I02', '增删改查', '/api/roles', 'Confidential', NULL),
	('319720000000000007', '331247118687666176', 'Available', '2022-06-01 16:35:10.640526', 'developer', '2022-06-01 16:35:10.640539', 'developer', '用户角色管理-查询', '查询', NULL, 'Administrator', '314206411103928321', '319703856164372481', '537101189305597952', 'Role', 'Api', '统一认证与授权中心-用户角色管理-查询', 'AS0P12I01', '查询', '/api/users/getUserRoles', 'Confidential', NULL),
	('319720000000000008', '331246993793875968', 'Available', '2022-06-01 16:36:28.102074', 'developer', '2022-06-01 16:36:28.102082', 'developer', '用户组织单位管理-查询', '查询', NULL, 'Administrator', '314206411103928321', '319704020379762689', '537101189305597952', 'Role', 'Api', '统一认证与授权中心-用户组织单位管理-查询', 'AS0P11I01', '查询', '/api/users/getUserGroups', 'Confidential', NULL),
	('319720000000000009', '331247150396604416', 'Available', '2022-06-01 16:35:10.640526', 'developer', '2022-06-01 16:35:10.640539', 'developer', '用户角色管理-授权', '授权', NULL, 'Administrator', '314206411103928321', '319703856164372481', '537101189305597952', 'Role', 'Api', '统一认证与授权中心-用户角色管理-授权', 'AS0P12I02', '授权', '/api/users/changeUserRoles', 'Confidential', NULL),
	('319720000000000010', '331247034617036800', 'Available', '2022-06-01 16:36:28.102074', 'developer', '2022-06-01 16:36:28.102082', 'developer', '用户组织单位管理-授权', '授权', NULL, 'Administrator', '314206411103928321', '319704020379762689', '537101189305597952', 'Role', 'Api', '统一认证与授权中心-用户组织单位管理-授权', 'AS0P11I02', '授权', '/api/users/changeUserGroups', 'Confidential', NULL),
	('319720000000000011', '331245400402952192', 'Available', '2022-06-01 16:35:10.640526', 'developer', '2022-06-01 16:35:10.640539', 'developer', '资源管理-查询', '查询', NULL, 'Administrator', '314206411103928321', '319704461633126401', '537101189305597952', 'Role', 'Api', '统一认证与授权中心-资源管理-查询', 'AS0P21I01', '查询', '/odata/resources', 'Confidential', NULL),
	('319720000000000012', '331245456459825152', 'Available', '2022-06-01 16:36:28.102074', 'developer', '2022-06-01 16:36:28.102082', 'developer', '资源管理-增删改查', '增删改查', NULL, 'Administrator', '314206411103928321', '319704461633126401', '537101189305597952', 'Role', 'Api', '统一认证与授权中心-资源管理-增删改查', 'AS0P21I02', '增删改查', '/api/resources', 'Confidential', NULL),
	('319720000000000013', '331245539171500032', 'Available', '2022-06-01 16:35:10.640526', 'developer', '2022-06-01 16:35:10.640539', 'developer', '访问规则管理-查询', '查询', NULL, 'Administrator', '314206411103928321', '319704654898266113', '537101189305597952', 'Role', 'Api', '统一认证与授权中心-访问规则管理-查询', 'AS0P31I01', '查询', '/odata/accessRules', 'Confidential', NULL),
	('319720000000000014', '331245695828754432', 'Available', '2022-06-01 16:36:28.102074', 'developer', '2022-06-01 16:36:28.102082', 'developer', '访问规则管理-增删改查', '增删改查', NULL, 'Administrator', '314206411103928321', '319704654898266113', '537101189305597952', 'Role', 'Api', '统一认证与授权中心-访问规则管理-增删改查', 'AS0P31I02', '增删改查', '/api/accessRules', 'Confidential', NULL),
	('319720000000000015', '331246826990600192', 'Available', '2022-06-01 16:35:10.640526', 'developer', '2022-06-01 16:35:10.640539', 'developer', '用户信息查询', '用户信息查询', NULL, 'Administrator', '314206411103928321', '319704654898266113', '537101189305597952', 'Role', 'Api', '统一认证与授权中心-用户信息查询', 'AS0P31I08', '用户信息查询', '/api/accessRules/getUserInfo', 'Confidential', NULL),
	('319720000000000017', '331245829404753920', 'Available', '2022-06-01 16:35:10.640526', 'developer', '2022-06-01 16:35:10.640539', 'developer', '用户是否有资源访问权限查询', '用户是否有资源访问权限查询', NULL, 'Administrator', '314206411103928321', '319704654898266113', '537101189305597952', 'Role', 'Api', '统一认证与授权中心-用户是否有资源访问权限查询', 'AS0P31I09', '用户是否有资源访问权限查询', '/api/accessRules/userHasPermission', 'Confidential', NULL),
	('322960488314961921', '456965311652954112', 'Available', '2022-06-10 15:28:28.058907', 'developer', '2022-06-10 15:28:28.059556', 'developer', '登录', 'Login', NULL, 'Anonymous', '314206411103928321', '408241552985423873', '537101189305597952', 'Role', 'Page', '统一认证与授权中心-用户账户服务-登录', 'AS0X01PLogin', '登录', '/Account/Login', 'Public', NULL),
	('322971014801653761', '462502160475619328', 'Available', '2022-06-10 16:10:17.757076', 'developer', '2022-06-10 16:10:17.757638', 'developer', '获取用户信息接口', '获取用户信息', NULL, 'Internal', '314206411103928321', '408241552985423873', '537101189305597952', 'Role', 'Api', '统一认证与授权中心-用户账户服务-获取用户信息', 'AS0X01IGetUserInfo', '获取用户信息', '/api/Account/GetUserInfo', 'Internal', NULL),
	('322973164495699969', '456965105628741632', 'Available', '2022-06-10 16:18:50.131250', 'developer', '2022-06-10 16:18:50.131267', 'developer', '注销用户登录', '注销', NULL, 'Internal', '314206411103928321', '408241552985423873', '537101189305597952', 'Role', 'Page', '统一认证与授权中心-用户账户服务-注销', 'AS0X01PLogout', '注销', '/Account/Logout', 'Internal', NULL),
	('324063208073592833', '456963101321854976', 'Available', '2022-06-13 16:30:16.987805', 'developer', '2022-06-13 16:30:16.988421', 'developer', '错误页面', 'Error', NULL, 'Administrator', '314206411103928321', '456961655285219329', '537101189305597952', 'Role', 'Url', '统一认证与授权中心-基础服务-错误页面', 'AS0X09PError', '错误页面', '/Home/Error', 'Public', NULL),
	('324074645999321089', '481592504383176704', 'Available', '2022-06-13 17:15:44.085924', 'developer', '2022-06-13 17:15:44.086513', 'developer', NULL, '授权资源初始化接口', NULL, 'Developer', '314206411103928321', '456961655285219329', '537101189305597952', 'Role', 'Api', '统一认证与授权中心-基础服务-授权资源初始化接口', 'AS0X09I91', '授权资源初始化接口', '/api/apis/init', 'Confidential', NULL),
	('330241653061189633', '456960181222244352', 'Available', '2022-06-30 17:41:14.383501', 'developer', '2022-06-30 17:41:14.384063', 'developer', '基础数据初始化', '基础数据初始化', NULL, 'Internal', '314206411103928321', '314207071140577281', '537101189305597952', 'Role', 'Api', '统一认证与授权中心-基础数据管理-基础数据初始化', 'AS0P99I09', '基础数据初始化', '/api/parameters/init', 'Confidential', NULL),
	('332019040635584513', '456962220820004864', 'Available', '2022-07-05 15:23:55.221156', 'developer', '2022-07-05 15:23:55.221480', 'developer', 'OData资源中心', 'OData', NULL, 'Administrator', '314206411103928321', '456961655285219329', '537101189305597952', 'Role', 'Api', '统一认证与授权中心-基础服务-OData资源中心', 'AS0X09IOData', 'OData资源中心', '/odata', 'Internal', NULL),
	('333144671364579329', '462493300088111104', 'Available', '2022-07-08 17:56:46.353077', 'developer', '2022-07-08 17:56:46.353240', 'developer', '附件上传 Post 接口, 可接收多附件', '附件上传', NULL, 'Internal', '314206411103928321', '408241816685510657', '537101189305597952', 'Role', 'Api', '统一认证与授权中心-附件服务-附件上传', 'AS0X02I02', '附件上传', '/api/Attachments/Upload', 'Internal', NULL),
	('333145444429332481', '462493329708285952', 'Available', '2022-07-08 17:59:50.654951', 'developer', '2022-07-08 17:59:50.654960', 'developer', '附件增删改查, 查询使用 businessType 和 businessKey 作为参数的附件查询下载, Get 请求', '附件增删改查', NULL, 'Internal', '314206411103928321', '408241816685510657', '537101189305597952', 'Role', 'Api', '统一认证与授权中心-附件服务-附件增删改查', 'AS0X02I01', '附件增删改查', '/api/Attachments', 'Internal', NULL),
	('333145835690786837', '408243239502479360', 'Available', '2022-07-08 18:01:23.929300', 'developer', '2022-07-08 18:01:23.929305', 'developer', '附件下载, 使用 fileName 作为参数名的附件下载', '附件下载', NULL, 'Internal', '314206411103928321', '408241816685510657', '537101189305597952', 'Role', 'Api', '统一认证与授权中心-附件服务-附件下载', 'AS0X02I03', '附件下载', '/api/Attachments/Download', 'Internal', NULL),
	('333146371743809537', '408243377088233472', 'Available', '2022-07-08 18:03:31.740729', 'developer', '2022-07-08 18:03:31.740736', 'developer', '文件下载, 使用 filePath 和 fileName 进行附件文件下载的方法\n文件下载, 提供类似于文件夹目录结构的访问方式进行下载\n文件路径只支持一级路径, 适用于访问自动保存的文件或者符合目录规范的文件', '文件下载', NULL, 'Internal', '314206411103928321', '408241816685510657', '537101189305597952', 'Role', 'Api', '统一认证与授权中心-附件服务-文件下载', 'AS0X02I04', '文件下载', '/api/Attachments/Files/{filePath}/{fileName}', 'Internal', NULL),
	('333146765354074143', '408243529811230720', 'Available', '2022-07-08 18:05:05.580684', 'developer', '2022-07-08 18:05:05.580691', 'developer', '文件删除, 支持由逗号间隔的文件名批量删除, Delete 方法', '文件删除', NULL, 'Internal', '314206411103928321', '408241816685510657', '537101189305597952', 'Role', 'Api', '统一认证与授权中心-附件服务-文件删除', 'AS0X02I09', '文件删除', '/api/Attachments/Delete', 'Internal', NULL),
	('343316503463985153', '456960791145349120', 'Available', '2022-08-05 19:36:00.758118', 'developer', '2022-08-05 19:36:00.758654', 'developer', '发送短信验证码', '发送短信验证码', NULL, 'Internal', '314206411103928321', '408241552985423873', '537101189305597952', 'Role', 'Api', '统一认证与授权中心-用户账户服务-发送短信验证码', 'As0X09ISendCaptcha', '发送短信验证码', '/api/Account/SendCaptcha', 'Internal', NULL),
	('343316503463985155', '456960791145349120', 'Available', '2022-08-05 19:36:00.758118', 'developer', '2022-08-05 19:36:00.758654', 'developer', '绑定手机号码', '绑定手机号码', NULL, 'Internal', '314206411103928321', '408241552985423873', '537101189305597952', 'Role', 'Page', '统一认证与授权中心-用户账户服务-登录-绑定手机号-绑定', 'As0x09PBindPhoneNumber', '绑定手机号', '/Account/BindPhoneNumber', 'Internal', NULL),
	('343316503463985853', '456960791145349120', 'Available', '2022-08-05 19:36:00.758118', 'developer', '2022-08-05 19:36:00.758654', 'developer', '数据迁移', '数据迁移', NULL, 'Internal', '314206411103928321', '408241552985423873', '537101189305597952', 'Role', 'Api', '统一认证与授权中心-用户账户服务-数据迁移', 'As0X09IInitAccount', '数据迁移', '/api/Account/InitAccount', 'Internal', NULL),
	('400314824610807809', '456963506705530880', 'Available', '2023-01-10 02:27:00.310876', 'developer', '2023-01-10 02:27:00.311431', 'developer', 'identityserver4 允许终端用户授予客户端对资源的访问权限接口', '授予客户端资源访问权限', NULL, 'Internal', '314206411103928321', '408241552985423873', '537101189305597952', 'Role', 'Api', '统一认证与授权中心-用户账户服务-允许终端用户授予客户端对资源的访问权限', 'AS0X01IConsent', '允许终端用户授予客户端对资源的访问权限', '/consent', 'Internal', NULL),
	('408241552985423873', '408241553652318208', 'Available', '2023-01-31 23:24:58.152619', 'developer', '2023-01-31 23:24:58.152624', 'developer', '用户账户服务', '用户账户服务', NULL, 'Internal', '314206411103928321', '314206411103928321', '537101189305597952', 'Role', 'Service', '统一认证与授权中心-用户账户服务', 'AS0X01', '用户账户服务', '/api/Account', 'Internal', NULL),
	('408241816685510657', '408241817352404992', 'Available', '2023-01-31 23:26:01.023617', 'developer', '2023-01-31 23:26:01.023622', 'developer', '附件服务', '附件服务', NULL, 'Internal', '314206411103928321', '314206411103928321', '537101189305597952', 'Role', 'Service', '统一认证与授权中心-附件服务', 'AS0X02', '附件服务', '/attachments', 'Internal', NULL),
	('453568271057158145', '453583122320064512', 'Available', '2023-06-06 01:17:11.523887', 'developer', '2023-06-06 01:17:11.524458', 'developer', '获取下级单位', '获取下级单位', NULL, 'Internal', '314206411103928321', '319702332642164737', '537101189305597952', 'Role', 'Api', '统一认证与授权中心-组织单位管理-获取下级单位', 'AS0P02I09', '获取下级单位', '/api/groups/GetChildrenGroups/{id}?recursion=false', 'Confidential', NULL),
	('456961655285219329', '456961655587209216', 'Available', '2023-06-15 10:01:15.629441', 'developer', '2023-06-15 10:01:15.629664', 'developer', '基础服务', '基础服务', NULL, 'Internal', '314206411103928321', '314206411103928321', '537101189305597952', 'Role', 'Service', '统一认证与授权中心-基础服务', 'AS0X09', '基础服务', '/api', 'Internal', NULL),
	('456964642304950273', '456965259651973120', 'Available', '2023-06-15 10:13:07.779152', 'developer', '2023-06-15 10:13:07.779158', 'developer', '登录接口', '登录接口', NULL, 'Anonymous', '314206411103928321', '408241552985423873', '537101189305597952', 'Role', 'Api', '统一认证与授权中心-用户账户服务-登录接口', 'AS0X01ILogin', '登录接口', '/api/Account/Login', 'Public', NULL),
	('456965045591474177', '456965045826355200', 'Available', '2023-06-15 10:14:43.925377', 'developer', '2023-06-15 10:14:43.925381', 'developer', '注销接口', '注销接口', NULL, 'Internal', '314206411103928321', '408241552985423873', '537101189305597952', 'Role', 'Api', '统一认证与授权中心-用户账户服务-注销接口', 'AS0X01ILogout', '注销接口', '/api/Account/Logout', 'Internal', NULL),
	('456984274864701441', '457038511913041920', 'Available', '2023-06-15 11:31:09.021949', 'developer', '2023-06-15 11:31:09.022557', 'developer', '已注销页面', '已注销页面', NULL, 'Anonymous', '314206411103928321', '408241552985423873', '537101189305597952', 'Role', 'Page', '统一认证与授权中心-用户账户服务-已注销页面', 'AS0X01PLoggedOut', '已注销页面', '/Account/LoggedOut', 'Public', NULL),
	('457038300318793729', '461047260554199040', 'Available', '2023-06-15 15:05:50.891844', 'developer', '2023-06-15 15:05:50.892421', 'developer', '用户资料', '用户资料', NULL, 'Internal', '314206411103928321', '408241552985423873', '537101189305597952', 'Role', 'Page', '统一认证与授权中心-用户账户服务-用户资料', 'AS0X01P01', '用户资料', '/Account/Profile', 'Internal', NULL),
	('457038300318793739', '461047260554199040', 'Available', '2023-06-15 15:05:50.891844', 'developer', '2023-06-15 15:05:50.892421', 'developer', '绑定手机号码', '绑定手机号码', NULL, 'Internal', '314206411103928321', '408241552985423873', '537101189305597952', 'Role', 'Page', '统一认证与授权中心-用户账户服务-绑定手机号码', 'AS0X09IConfirmPhoneNumber', '绑定手机号码', '/Account/ConfirmPhoneNumber', 'Internal', NULL),
	('457379835816181761', '457385468548349952', 'Available', '2023-06-16 13:42:57.912376', 'developer', '2023-06-16 13:42:57.913017', 'developer', '新增Claim', '新增Claim', NULL, 'Administrator', '314206411103928321', '314207466776690689', '537101189305597952', 'Role', 'Api', '统一认证与授权中心-用户管理-新增Claim', 'AS0P01I11', '新增Claim', '/api/Users/AddClaim/{id}', 'Confidential', NULL),
	('457380365430947841', '457385494133604352', 'Available', '2023-06-16 13:45:03.892193', 'developer', '2023-06-16 13:45:03.892213', 'developer', '移除Claim', '移除Claim', NULL, 'Administrator', '314206411103928321', '314207466776690689', '537101189305597952', 'Role', 'Api', '统一认证与授权中心-用户管理-移除Claim', 'AS0P01I12', '移除Claim', '/api/Users/RemoveClaim/{id}', 'Confidential', NULL),
	('457381239398072321', '461046503968866304', 'Available', '2023-06-16 13:48:32.256845', 'developer', '2023-06-16 13:48:32.256849', 'developer', '设置用户基本信息', '设置用户基本信息', NULL, 'Administrator', '314206411103928321', '314207466776690689', '537101189305597952', 'Role', 'Api', '统一认证与授权中心-用户管理-设置用户基本信息', 'AS0P01I21', '设置用户基本信息', '/api/Users/SetUserProfile', 'Confidential', NULL),
	('457382260379746305', '457382717231726592', 'Available', '2023-06-16 13:52:35.684211', 'developer', '2023-06-16 13:52:35.684215', 'developer', '修改密码', '修改密码', NULL, 'Administrator', '314206411103928321', '314207466776690689', '537101189305597952', 'Role', 'Api', '统一认证与授权中心-用户管理-修改密码', 'AS0P01I31', '修改密码', '/api/Users/ChangePassword', 'Confidential', NULL),
	('457383008186400769', '457383008417087488', 'Available', '2023-06-16 13:55:33.972109', 'developer', '2023-06-16 13:55:33.972112', 'developer', '重置密码', '重置密码', NULL, 'Administrator', '314206411103928321', '314207466776690689', '537101189305597952', 'Role', 'Api', '统一认证与授权中心-用户管理-重置密码', 'AS0P01I32', '重置密码', '/api/Users/ResetPassword', 'Confidential', NULL),
	('457383271777435649', '457383272012316672', 'Available', '2023-06-16 13:56:36.818583', 'developer', '2023-06-16 13:56:36.818587', 'developer', '修改手机号码', '修改手机号码', NULL, 'Administrator', '314206411103928321', '314207466776690689', '537101189305597952', 'Role', 'Api', '统一认证与授权中心-用户管理-修改手机号码', 'AS0P01I33', '修改手机号码', '/api/Users/ChangePhoneNumber', 'Confidential', NULL),
	('457383717392875521', '461046159213854720', 'Available', '2023-06-16 13:58:23.061243', 'developer', '2023-06-16 13:58:23.061246', 'developer', '修改电子邮件地址', '修改电子邮件', NULL, 'Administrator', '314206411103928321', '314207466776690689', '537101189305597952', 'Role', 'Api', '统一认证与授权中心-用户管理-修改电子邮件', 'AS0P01I34', '修改电子邮件', '/api/Users/ChangeEmail', 'Confidential', NULL),
	('457385400554487809', '457385400793563136', 'Available', '2023-06-16 14:05:04.359127', 'developer', '2023-06-16 14:05:04.359131', 'developer', '获取用户角色列表', '获取用户角色列表', NULL, 'Administrator', '314206411103928321', '314207466776690689', '537101189305597952', 'Role', 'Api', '统一认证与授权中心-用户管理-获取用户角色列表', 'AS0P01I51', '获取用户角色列表', '/api/Users/GetUserRoles/{userName}', 'Confidential', NULL),
	('457385879644667905', '457385879900520448', 'Available', '2023-06-16 14:06:58.587823', 'developer', '2023-06-16 14:06:58.587827', 'developer', '获取角色的用户列表', '获取角色的用户列表', NULL, 'Administrator', '314206411103928321', '314207466776690689', '537101189305597952', 'Role', 'Api', '统一认证与授权中心-用户管理-获取角色的用户列表', 'AS0P01I52', '获取角色的用户列表', '/api/Users/GetRoleUsers/{roleName}', 'Confidential', NULL),
	('457386105088507905', '457386105327583232', 'Available', '2023-06-16 14:07:52.333965', 'developer', '2023-06-16 14:07:52.333969', 'developer', '将用户添加到角色', '将用户添加到角色', NULL, 'Administrator', '314206411103928321', '314207466776690689', '537101189305597952', 'Role', 'Api', '统一认证与授权中心-用户管理-将用户添加到角色', 'AS0P01I53', '将用户添加到角色', '/api/Users/AddUserToRole', 'Confidential', NULL),
	('457387699297320961', '457387701872623616', 'Available', '2023-06-16 14:14:12.978598', 'developer', '2023-06-16 14:14:12.979106', 'developer', '从角色中移除用户(物理删除)', '从角色中移除用户', NULL, 'Administrator', '314206411103928321', '314207466776690689', '537101189305597952', 'Role', 'Api', '统一认证与授权中心-用户管理-从角色中移除用户', 'AS0P01I54', '从角色中移除用户', '/api/Users/RemoveUserFromRole', 'Confidential', NULL),
	('457387914674831361', '457387914909712384', 'Available', '2023-06-16 14:15:03.771756', 'developer', '2023-06-16 14:15:03.771782', 'developer', '更新用户角色', '更新用户角色', NULL, 'Administrator', '314206411103928321', '314207466776690689', '537101189305597952', 'Role', 'Api', '统一认证与授权中心-用户管理-更新用户角色', 'AS0P01I55', '更新用户角色', '/api/Users/ChangeUserRoles/{userName}', 'Confidential', NULL),
	('457388261371805697', '457388261615075328', 'Available', '2023-06-16 14:16:26.432572', 'developer', '2023-06-16 14:16:26.432576', 'developer', '获取用户所在组列表, 返回组名称字符串数组', '获取用户所在组列表', NULL, 'Administrator', '314206411103928321', '314207466776690689', '537101189305597952', 'Role', 'Api', '统一认证与授权中心-用户管理-获取用户所在组列表', 'AS0P01I61', '获取用户所在组列表', '/api/Users/GetUserGroups/{userName}', 'Confidential', NULL),
	('457388503769022465', '457388504020680704', 'Available', '2023-06-16 14:17:24.226803', 'developer', '2023-06-16 14:17:24.226807', 'developer', '获取组用户列表, 返回用户列表', '获取组用户列表', NULL, 'Administrator', '314206411103928321', '314207466776690689', '537101189305597952', 'Role', 'Api', '统一认证与授权中心-用户管理-获取组用户列表', 'AS0P01I62', '获取组用户列表', '/api/Users/GetGroupUsers/{groupName}', 'Confidential', NULL),
	('457388742299090945', '457388742529777664', 'Available', '2023-06-16 14:18:21.091153', 'developer', '2023-06-16 14:18:21.091157', 'developer', '将用户添加到组', '将用户添加到组', NULL, 'Administrator', '314206411103928321', '314207466776690689', '537101189305597952', 'Role', 'Api', '统一认证与授权中心-用户管理-将用户添加到组', 'AS0P01I63', '将用户添加到组', '/api/Users/AddUserToGroup', 'Confidential', NULL),
	('457388972054675457', '457388972302139392', 'Available', '2023-06-16 14:19:15.873559', 'developer', '2023-06-16 14:19:15.873563', 'developer', '从组中移除用户(物理删除)', '从组中移除用户', NULL, 'Administrator', '314206411103928321', '314207466776690689', '537101189305597952', 'Role', 'Api', '统一认证与授权中心-用户管理-从组中移除用户', 'AS0P01I64', '从组中移除用户', '/api/Users/RemoveUserFromGroup', 'Confidential', NULL),
	('457389255283441665', '457389255526711296', 'Available', '2023-06-16 14:20:23.399855', 'developer', '2023-06-16 14:20:23.399859', 'developer', '更新用户组织单位', '更新用户组织单位', NULL, 'Administrator', '314206411103928321', '314207466776690689', '537101189305597952', 'Role', 'Api', '统一认证与授权中心-用户管理-更新用户组织单位', 'AS0P01I65', '更新用户组织单位', '/api/Users/ChangeUserGroups/{userName}', 'Confidential', NULL),
	('457390840998789121', '461049683591036928', 'Available', '2023-06-16 14:26:41.466553', 'developer', '2023-06-16 14:26:41.466557', 'developer', '获取/设置用户基本信息接口', '获取用户基本信息', NULL, 'Internal', '314206411103928321', '457038300318793729', '537101189305597952', 'Role', 'Api', '统一认证与授权中心-用户账户服务-用户资料-获取用户基本信息', 'AS0X01P01I01', '获取用户基本信息', '/api/UserProfile', 'Internal', NULL),
	('457391242708254721', '461050210827632640', 'Available', '2023-06-16 14:28:17.238662', 'developer', '2023-06-16 14:28:17.238665', 'developer', '获取重置密码的Token', '获取重置密码的Token', NULL, 'Internal', '314206411103928321', '457038300318793729', '537101189305597952', 'Role', 'Api', '统一认证与授权中心-用户账户服务-用户资料-获取重置密码的Token', 'AS0X01P01I11', '获取重置密码的Token', '/api/UserProfile/GetPasswordResetToken', 'Internal', NULL),
	('457391604257259521', '461050256130310144', 'Available', '2023-06-16 14:29:43.440066', 'developer', '2023-06-16 14:29:43.440070', 'developer', '获取修改手机号码的Token', '获取修改手机号码的Token', NULL, 'Internal', '314206411103928321', '457038300318793729', '537101189305597952', 'Role', 'Api', '统一认证与授权中心-用户账户服务-用户资料-获取修改手机号码的Token', 'AS0X01P01I12', '获取修改手机号码的Token', '/api/UserProfile/GetChangePhoneNumberToken', 'Internal', NULL),
	('457391889620926465', '461050285121339392', 'Available', '2023-06-16 14:30:51.476511', 'developer', '2023-06-16 14:30:51.476514', 'developer', '获取修改电子邮件地址的Token', '获取修改电子邮件的Token', NULL, 'Internal', '314206411103928321', '457038300318793729', '537101189305597952', 'Role', 'Api', '统一认证与授权中心-用户账户服务-用户资料-获取修改电子邮件的Token', 'AS0X01P01I13', '获取修改电子邮件的Token', '/api/UserProfile/GetChangeEmailToken', 'Internal', NULL),
	('457393158125256705', '461049107843121152', 'Available', '2023-06-16 14:35:53.912225', 'developer', '2023-06-16 14:35:53.912229', 'developer', '修改密码', '修改密码', NULL, 'Internal', '314206411103928321', '457038300318793729', '537101189305597952', 'Role', 'Api', '统一认证与授权中心-用户账户服务-用户资料-修改密码', 'AS0X01P01I31', '修改密码', '/api/UserProfile/ChangePassword', 'Internal', NULL),
	('457393549239910401', '461050530903359488', 'Available', '2023-06-16 14:37:27.157455', 'developer', '2023-06-16 14:37:27.157459', 'developer', '修改手机号码', '修改手机号码', NULL, 'Internal', '314206411103928321', '457038300318793729', '537101189305597952', 'Role', 'Api', '统一认证与授权中心-用户账户服务-用户资料-修改手机号码', 'AS0X01P01I32', '修改手机号码', '/api/UserProfile/ChangePhoneNumber', 'Internal', NULL),
	('457393774352400385', '461050558036312064', 'Available', '2023-06-16 14:38:20.828354', 'developer', '2023-06-16 14:38:20.828357', 'developer', '修改电子邮件地址', '修改电子邮件', NULL, 'Internal', '314206411103928321', '457038300318793729', '537101189305597952', 'Role', 'Api', '统一认证与授权中心-用户账户服务-用户资料-修改电子邮件', 'AS0X01P01I33', '修改电子邮件', '/api/UserProfile/ChangeEmail', 'Internal', NULL),
	('461051226788724737', '462506105281445888', 'Available', '2023-06-26 16:51:45.449598', 'developer', '2023-06-26 16:51:45.449805', 'developer', '获取重置密码的Token', '获取重置密码的Token', NULL, 'Administrator', '314206411103928321', '314207466776690689', '537101189305597952', 'Role', 'Api', '统一认证与授权中心-用户管理-获取重置密码的Token', 'AS0P01I22', '获取重置密码的Token', '/api/Users/GetPasswordResetToken', 'Internal', NULL),
	('461051481479446529', '462506125657374720', 'Available', '2023-06-26 16:52:46.164585', 'developer', '2023-06-26 16:52:46.164590', 'developer', '获取修改手机号码的Token', '获取修改手机号码的Token', NULL, 'Administrator', '314206411103928321', '314207466776690689', '537101189305597952', 'Role', 'Api', '统一认证与授权中心-用户管理-获取修改手机号码的Token', 'AS0P01I23', '获取修改手机号码的Token', '/api/Users/GetChangePhoneNumberToken', 'Internal', NULL),
	('461051747838722049', '462506146003943424', 'Available', '2023-06-26 16:53:49.668879', 'developer', '2023-06-26 16:53:49.668883', 'developer', '获取修改电子邮件的Token', '获取修改电子邮件的Token', NULL, 'Administrator', '314206411103928321', '314207466776690689', '537101189305597952', 'Role', 'Api', '统一认证与授权中心-用户管理-获取修改电子邮件的Token', 'AS0P01I24', '获取修改电子邮件的Token', '/api/Users/GetChangeEmailToken', 'Internal', NULL),
	('487423289019334657', '487423290650918912', 'Available', '2023-09-07 11:24:55.376832', 'hdd', '2023-09-07 11:24:55.378320', 'hdd', '导出', '导出', NULL, 'Administrator', '314206411103928321', '319704461633126401', '537101189305597952', 'Role', 'Api', '统一认证与授权中心-资源管理-导出', 'AS0P21I03', '导出', '/api/Resources/Export', 'Internal', NULL),
	('498373685749481473', '498373694981144576', 'Available', '2023-10-07 16:37:55.219115', 'developer', '2023-10-07 16:37:55.219693', 'developer', '自动设置用户角色', '自动设置用户角色', NULL, 'Internal', '314206411103928321', '408241552985423873', '537101189305597952', 'Role', 'Api', '统一认证与授权中心-用户账户服务-自动设置用户角色', 'AS0X01I03', '自动设置用户角色', '/api/Account/AutoRole/{roleName}', 'Internal', NULL);

-- 正在导出表  auth.role 的数据：~7 rows (大约)
INSERT INTO `role` (`id`, `name`, `alias`, `image`, `type`, `row_version`, `state`, `created_on`, `created_by`, `updated_on`, `updated_by`, `description`, `normalized_name`, `concurrency_stamp`) VALUES
	('3235834974124900352', 'external_administrators', '外部管理员', NULL, 'ExternalAdministrator', '3235834974133288960', 'Available', '2024-06-12 07:31:43.739709', 'developer', '2024-06-12 07:31:43.740605', 'developer', '外部管理员', 'EXTERNAL_ADMINISTRATORS', '3235834974124900352'),
	('3235834974917623808', 'authenticators', '认证用户', NULL, 'Authenticator', '3235834974917623809', 'Available', '2024-06-12 07:31:43.927880', 'developer', '2024-06-12 07:31:43.927890', 'developer', '认证用户', 'AUTHENTICATORS', '3235834974917623808'),
	('537101184482148352', 'systems', '系统', NULL, 'System', '537101184486342656', 'Available', '2024-01-22 05:27:08.238777', 'system', '2024-01-22 05:27:08.239318', 'system', '系统本身', 'SYSTEMS', '537101184482148352'),
	('537101188135387136', 'administrators', '超级管理员', NULL, 'Administrator', '537101188135387137', 'Available', '2024-01-22 05:27:09.109182', 'system', '2024-01-22 05:27:09.109202', 'system', '超级管理员', 'ADMINISTRATORS', '537101188135387136'),
	('537101188538040320', 'developers', '开发者', NULL, 'Developer', '537101188538040321', 'Available', '2024-01-22 05:27:09.205312', 'system', '2024-01-22 05:27:09.205313', 'system', '系统开发者', 'DEVELOPERS', '537101188538040320'),
	('537101188898750464', 'anonymous', '匿名用户', NULL, 'Anonymous', '537101188898750464', 'Available', '2024-01-22 05:27:09.291395', 'system', '2024-01-22 05:27:09.291397', 'system', '匿名用户', 'ANONYMOUS', '537101188898750464'),
	('537101188898750465', 'authorizers', '授权者', NULL, 'Authorizer', '537101188898750465', 'Available', '2024-01-22 05:27:09.291395', 'system', '2024-01-22 05:27:09.291397', 'system', '授权者', 'AUTHORIZERS', '537101188898750465');

-- 正在导出表  auth.role_claim 的数据：~0 rows (大约)

-- 正在导出表  auth.user 的数据：~4 rows (大约)
INSERT INTO `user` (`id`, `row_version`, `state`, `created_on`, `created_by`, `updated_on`, `updated_by`, `description`, `name`, `alias`, `image`, `type`, `group_id`, `level_id`, `lockout_end`, `two_factor_enabled`, `phone_number_confirmed`, `phone_number`, `concurrency_stamp`, `security_stamp`, `password_hash`, `email_confirmed`, `normalized_email`, `email`, `normalized_user_name`, `user_name`, `lockout_enabled`, `access_failed_count`) VALUES
	('537101189305597952', '537101189318180864', 'Available', '2024-01-22 05:27:09.390194', 'system', '2024-01-22 05:27:09.391118', 'system', '超级管理员', '超级管理员', '超级管理员', NULL, 'Administrator', NULL, NULL, NULL, 0, 0, NULL, 'bda21cc2-51c6-43d9-8f60-6eef4e4d0c6c', 'OAO3ZENBZDBSFQUX7A5KYPXSECWE6XQ6', 'AQAAAAIAAYagAAAAEAngdZCJ916geAJE0VV50QHwQt8OEvOfHF0C/A1cc8Sp71vyIYtMvPBgZ6X4ek+evA==', 0, NULL, NULL, 'ADMINISTRATOR', 'administrator', 1, 0),
	('537101192296136704', '3235543498572693504', 'Available', '2024-01-22 21:27:10.101517', 'system', '2024-01-22 21:27:10.101523', 'system', '系统开发者', '开发者', '开发者', NULL, 'Developer', NULL, NULL, NULL, 0, 1, '18602902085', '7dc20ed8-51f0-4ab5-a7a4-aa754389da4a', '3235543496756559872', 'AQAAAAIAAYagAAAAEEwbbKG+Nde9uOpyu0+6Xw5h5OQqtLpYTEfsoYuBFMzE723LLlEvKYPE9EOdOCV6Bw==', 0, NULL, NULL, 'DEVELOPER', 'developer', 1, 0),
	('537101194422648832', '537101194422648833', 'Available', '2024-01-22 05:27:10.608296', 'system', '2024-01-22 05:27:10.608298', 'system', '系统本身', '系统', '系统', NULL, 'System', NULL, NULL, NULL, 0, 0, NULL, '8a83292c-0c9f-4fa0-9803-50f0ae2346ef', 'T5O34AEQFNVFPWMQBLXCTP34WMRVZ2XR', NULL, 0, NULL, NULL, 'SYSTEM', 'system', 1, 0),
	('537101195819352064', '537101195819352065', 'Available', '2024-01-22 05:27:10.941812', 'system', '2024-01-22 05:27:10.941815', 'system', '匿名用户', '匿名用户', '匿名用户', NULL, 'Anonymous', NULL, NULL, NULL, 0, 0, NULL, 'e3eb6a7c-26fe-4dfa-a474-5fe42009949a', 'CXAEILT6IGQN7HKQAOLMMSR7RWTAVY6L', NULL, 0, NULL, NULL, 'ANONYMOUS', 'anonymous', 1, 0);

-- 正在导出表  auth.user_claim 的数据：~0 rows (大约)

-- 正在导出表  auth.user_group 的数据：~0 rows (大约)

-- 正在导出表  auth.user_login 的数据：~0 rows (大约)

-- 正在导出表  auth.user_role 的数据：~4 rows (大约)
INSERT INTO `user_role` (`user_id`, `role_id`) VALUES
	('537101194422648832', '537101184482148352'),
	('537101189305597952', '537101188135387136'),
	('537101192296136704', '537101188538040320'),
	('537101195819352064', '537101188898750464');

-- 正在导出表  auth.user_token 的数据：~0 rows (大约)

-- 正在导出表  auth.__EFMigrationsHistory 的数据：~2 rows (大约)
INSERT INTO `__EFMigrationsHistory` (`MigrationId`, `ProductVersion`) VALUES
	('20240611082104_InitialConfiguration', '8.0.6'),
	('20240611082112_InitialPersistedGrant', '8.0.6'),
	('20240613162020_InitialIdentity', '8.0.6');

/*!40103 SET TIME_ZONE=IFNULL(@OLD_TIME_ZONE, 'system') */;
/*!40101 SET SQL_MODE=IFNULL(@OLD_SQL_MODE, '') */;
/*!40014 SET FOREIGN_KEY_CHECKS=IFNULL(@OLD_FOREIGN_KEY_CHECKS, 1) */;
/*!40101 SET CHARACTER_SET_CLIENT=@OLD_CHARACTER_SET_CLIENT */;
/*!40111 SET SQL_NOTES=IFNULL(@OLD_SQL_NOTES, 1) */;
